"","voxel_size_x in mm","voxel_size_y in mm","voxel_size_z in mm","area in mm2","volume in mm3","SA_Vol in mm-1","centroid_x in pixels","centroid_y in pixels","centroid_z in pixels","weighted_centroid_x in pixels","weighted_centroid_y in pixels","weighted_centroid_z in pixels"
"SAMPLE-009-T5",0.00703299,0.00703299,0.00703299,193.336064641489,13.7936003382147,14.0163597538678,279.346048488324,259.042268152542,407.69713880136,279.714937142006,258.299391208944,409.036089255276
"SAMPLE-013-T5",0.00703299,0.00703299,0.00703299,130.969847550072,7.13918949709062,18.3451983734912,244.369776765292,247.392659916201,382.440590288599,243.830603450716,244.618896062435,383.736585124148
"SAMPLE-019-T5",0.00703299,0.00703299,0.00703299,83.0110953915542,5.99842190292566,13.8388223994492,277.37111833175,262.871820059031,242.784448285193,278.607073426684,261.748013708828,245.320388329925
"SAMPLE-023-T5",0.00703299,0.00703299,0.00703299,165.302336647554,14.1711970661499,11.6646699552576,284.348845815322,344.777005783351,280.143920264655,283.659787111118,345.761627244053,280.455775938335
"SAMPLE-029-T5",0.00703299,0.00703299,0.00703299,47.5028963125778,2.10283173414868,22.5899654932729,232.192735749986,321.200132311282,262.93382880859,230.67067536364,320.395957522264,262.161339699533
"SAMPLE-030-T5",0.00703299,0.00703299,0.00703299,80.9133110179114,4.82698100590735,16.7627158505261,411.177371022567,215.847589336252,275.126393783329,413.87571812783,216.94524557878,276.221007276292
"SAMPLE-033-T5",0.00703299,0.00703299,0.00703299,334.765944508614,22.3760248463769,14.9609212005688,438.467516337167,366.881223294436,510.618457898008,439.602463962374,365.517428996126,511.054057160549
"SAMPLE-039-T5",0.00703299,0.00703299,0.00703299,31.7952180080861,1.82771926507105,17.3961169068545,385.87216713079,135.633876558267,137.014263056688,391.115853390114,134.238398251047,137.873950693676
"SAMPLE-043-T5",0.00703299,0.00703299,0.00703299,79.5496460064633,4.59774142937585,17.3018964264074,310.885719450158,338.598058024267,232.827328451345,310.62583356342,341.469915732405,235.415524753934
"SAMPLE-049-T5",0.00703299,0.00703299,0.00703299,71.4606188838796,3.38936865677715,21.0837551533357,269.331711747459,201.076003344713,268.891814412545,270.648313428787,201.470743420564,269.434888253163
"SAMPLE-009-T4",0.00703299,0.00703299,0.00703299,195.137990704604,13.3588255597942,14.6074211262932,284.041042815298,262.064101805585,420.463927718672,284.137368755702,261.397784349021,421.457147398595
"SAMPLE-012-T4",0.00703299,0.00703299,0.00703299,129.071295060431,13.3880725857213,9.64076749913118,279.792783333769,282.645446858514,316.54343876104,279.878598636366,282.317020030668,317.154688465934
"SAMPLE-013-T4",0.00703299,0.00703299,0.00703299,128.45446884021,7.9524045940673,16.1529091384561,251.450780131581,254.25617186228,407.633857576763,251.374025141035,253.648881058027,407.658024682812
"SAMPLE-015-T4",0.00703299,0.00703299,0.00703299,43.9524839098195,1.74733255814322,25.1540462088826,168.336110407668,156.550201556388,174.902270435954,167.959465896387,156.521378789211,176.447162480562
"SAMPLE-018-T4",0.00703311,0.00703311,0.00703311,43.7521093769719,2.56160098195578,17.0799861825346,204.850127219724,187.603664960218,203.166131101165,204.89015774581,186.799899567007,203.528867545967
"SAMPLE-019-T4",0.00703299,0.00703299,0.00703299,86.3699364308731,6.33688715796216,13.6297103416701,280.039674027252,271.049483249016,295.282250439226,280.283092178799,270.773517948941,295.901139875838
"SAMPLE-022-T4",0.00703299,0.00703299,0.00703299,138.913100647224,13.9035899445563,9.99116783515413,318.347138075722,260.447130552108,349.867123602962,318.094605930504,259.611518565443,350.629164994649
"SAMPLE-023-T4",0.00703299,0.00703299,0.00703299,160.162567434218,13.3670193467996,11.9819208216053,288.335743374988,347.735260804524,283.495505641604,287.791236817899,348.733419001806,284.761571148653
"SAMPLE-025-T4",0.00703299,0.00703299,0.00703299,89.7204270423377,10.6309244839746,8.43956959506065,300.413048669075,431.696491378537,252.392244140569,300.036609872005,432.068728413988,251.671722820417
"SAMPLE-028-T4",0.00703299,0.00703299,0.00703299,285.205015476275,15.9479860694176,17.8834502510128,395.193109978016,416.727463074896,442.591149819477,395.219000362747,417.88440957785,442.120272138269
"SAMPLE-029-T4",0.00703299,0.00703299,0.00703299,111.687659420579,3.90503525288081,28.6009349949364,172.715977872129,290.252724048083,505.334158865887,172.23768490029,290.407631453785,506.157082438226
"SAMPLE-030-T4",0.00703299,0.00703299,0.00703299,152.03948230106,7.67549884265918,19.808417070699,377.977248900024,342.038750197153,264.426987344159,378.859829667449,342.012464843576,265.167814210278
"SAMPLE-032-T4",0.00703299,0.00703299,0.00703299,279.255445933812,24.5304161435386,11.384048452328,334.374374076028,342.763178046693,436.905174933536,333.917389497156,342.793139090619,436.068333105307
"SAMPLE-033-T4",0.00703299,0.00703299,0.00703299,300.260811820411,20.7369947133332,14.4794757375017,437.715318799229,367.574857871257,506.763757760554,437.930788978851,367.143037363844,506.044324953543
"SAMPLE-035-T4",0.00703299,0.00703299,0.00703299,195.884552857745,22.6681291438605,8.64140801451181,369.646172195162,357.996082053165,410.639552819825,369.94346066592,358.053627078396,409.573137099435
"SAMPLE-038-T4",0.00703299,0.00703299,0.00703299,218.389280733584,8.72619774467374,25.0268544357574,422.560691578302,360.121716231118,390.676679565613,422.810948150045,359.050730474314,391.756860244238
"SAMPLE-039-T4",0.00703299,0.00703299,0.00703299,66.165090017438,3.42971107357348,19.2917387494391,396.209748530952,281.699444249813,200.261328258363,398.312723066561,280.760245018641,200.314770054222
"SAMPLE-042-T4",0.00703299,0.00703299,0.00703299,42.4659138363865,2.57473145734323,16.4933370877464,182.644721846653,264.251763626908,371.863077050496,182.599553132862,263.044505048802,373.410268042443
"SAMPLE-043-T4",0.00703299,0.00703299,0.00703299,104.814227002485,5.90809195858705,17.7407913988447,307.186606684534,348.558098441652,261.341295864657,306.893407544025,349.6151846325,261.822025797891
"SAMPLE-049-T4",0.00703299,0.00703299,0.00703299,119.727264531554,6.22615380038434,19.2297312867798,311.7437952737,252.406105038114,360.567190015671,311.671234087428,252.900939485066,359.593776372368
"SAMPLE-002-T3",0.00703299,0.00703299,0.00703299,202.565371438653,9.6585024426542,20.9727514841304,340.295370101442,317.456120831439,257.417244454933,341.041525084862,317.357887433448,258.792952230058
"SAMPLE-003-T3",0.00703299,0.00703299,0.00703299,237.135127837088,15.6272852674343,15.1744288133816,349.831465088255,319.446874626927,387.011826311119,350.760370081747,318.674094920291,387.815665488724
"SAMPLE-004-T3",0.00703299,0.00703299,0.00703299,179.689613466987,7.07953703007442,25.3815486385129,428.060869321238,379.887761696526,379.351634945146,428.47792739963,380.670077069162,380.233103664293
"SAMPLE-005-T3",0.00703299,0.00703299,0.00703299,67.9310784895893,2.66325176934755,25.506818120403,272.396488218324,232.071864327168,257.427851640887,272.241994923606,232.207651274356,258.732812767637
"SAMPLE-008-T3",0.00703299,0.00703299,0.00703299,65.660251448134,4.44855912458945,14.759891823219,230.149093627853,190.592443843807,265.647302325698,230.401957103502,190.687423826302,266.316874504359
"SAMPLE-009-T3",0.00703299,0.00703299,0.00703299,172.930773134967,12.5493754860305,13.780030195723,282.156480025627,259.829634267543,413.43257975982,282.082779223978,259.055295639753,415.868963540846
"SAMPLE-011-T3",0.00703299,0.00703299,0.00703299,105.652667599948,8.15344424065909,12.9580413481074,229.622317873985,304.474834915733,373.923684797741,230.095726561416,304.361683404093,374.27746292008
"SAMPLE-012-T3",0.00703299,0.00703299,0.00703299,123.745761457642,13.9031613657336,8.90054845818246,281.928362883046,285.270153590785,320.038249833954,282.190803045709,284.865031650952,321.127911616436
"SAMPLE-013-T3",0.00703299,0.00703299,0.00703299,130.39422522903,8.86289769124815,14.7123694497558,258.496548416546,263.743964159346,451.603363203292,258.178276771591,262.770659400899,453.124847964165
"SAMPLE-014-T3",0.00703299,0.00703299,0.00703299,71.2020992582109,6.82308269829961,10.4354735838033,233.347269746989,230.457417067109,254.560921547384,233.496466228523,230.450807036475,255.183866608988
"SAMPLE-015-T3",0.00703299,0.00703299,0.00703299,39.7078893835834,1.92739619349075,20.6018303438006,168.181323939279,158.12246923848,174.127554134752,167.800207570398,157.746077307665,175.232896005544
"SAMPLE-018-T3",0.00703311,0.00703311,0.00703311,43.2141602769655,2.80933604855449,15.3823392894563,205.141722490859,189.790506964898,200.855756628318,205.119456359096,189.440128134693,201.814535678029
"SAMPLE-019-T3",0.00703299,0.00703299,0.00703299,88.8562813211718,6.76184741176765,13.1408291122534,282.450995697953,268.943536902112,306.277654706657,282.422944200859,268.955585605429,307.909964311457
"SAMPLE-021-T3",0.00703299,0.00703299,0.00703299,104.600579089414,7.95068853941428,13.1561661069822,258.852851770834,286.614410778123,308.40156813432,258.777057785933,286.86853456877,308.916562063604
"SAMPLE-022-T3",0.00703299,0.00703299,0.00703299,125.299236789805,13.6248766480484,9.19635751768458,318.037231545699,259.830467047145,347.892296727623,317.623555905475,259.149046787763,349.243201093342
"SAMPLE-023-T3",0.00703299,0.00703299,0.00703299,133.512209913794,13.0427163258963,10.2365340606777,287.44123456721,345.382265135333,279.914025607306,286.544770438853,346.440163197239,281.0492902687
"SAMPLE-024-T3",0.00703299,0.00703299,0.00703299,149.574570924249,15.885328332556,9.41589420079568,331.990944707802,357.312740193442,293.72293194613,332.380599319896,356.739754035928,294.400486990695
"SAMPLE-025-T3",0.00703299,0.00703299,0.00703299,85.7989170872324,10.6500661639427,8.05618629654312,301.100434520985,432.713947134565,253.425324471494,300.630583172567,432.914642639789,252.759206272923
"SAMPLE-028-T3",0.00703299,0.00703299,0.00703299,250.737620116066,15.3983358165019,16.2834232935327,401.496487972626,419.457409928751,441.838074160816,401.501665430365,419.911427699881,441.974433850223
"SAMPLE-029-T3",0.00703299,0.00703299,0.00703299,189.203785624497,6.97131148477992,27.1403431101271,257.894943879573,414.621448432925,469.029141384335,257.204437529022,415.864937070047,471.541327976999
"SAMPLE-030-T3",0.00703299,0.00703299,0.00703299,141.544871624098,7.66368753034739,18.4695515133669,378.42115881373,340.245631410783,263.7927873175,379.53795932909,340.580282969326,264.880238266319
"SAMPLE-031-T3",0.00703299,0.00703299,0.00703299,108.71204545542,6.6215831643672,16.4178328289273,216.559902652634,333.888446283583,314.437155533663,215.823069604948,331.910211921358,314.968959138378
"SAMPLE-032-T3",0.00703299,0.00703299,0.00703299,267.151424976237,25.4061317390425,10.5152341852064,338.954267145355,346.8928692822,437.03453939252,338.571719163661,346.814888922957,436.540656813658
"SAMPLE-033-T3",0.00703299,0.00703299,0.00703299,274.130158857972,21.4710323079176,12.7674419621121,437.981327602037,373.978558787353,501.367988455663,438.431617096595,374.130899832711,500.898159906197
"SAMPLE-034-T3",0.00703311,0.00703311,0.00703311,82.3381478877425,9.08349282446644,9.06459106412945,215.678001803661,251.024102509718,294.056967371444,214.997921053331,251.093337314603,295.012995929629
"SAMPLE-035-T3",0.00703299,0.00703299,0.00703299,170.510039516259,22.8030761613053,7.47750164539636,369.762250474873,356.927172572947,421.484591986662,369.706700033918,356.806725098001,420.964677135956
"SAMPLE-038-T3",0.00703299,0.00703299,0.00703299,213.647164591497,9.71556743460266,21.9901890475874,432.505685546854,387.983144336674,379.985591797579,432.300198135001,386.91527282063,381.511492669759
"SAMPLE-039-T3",0.00703299,0.00703299,0.00703299,73.9335454402678,4.17380670346761,17.7136965587898,398.603544929129,287.112582946494,198.508383913581,401.182500981962,286.33476405211,199.060495363089
"SAMPLE-042-T3",0.00703299,0.00703299,0.00703299,165.823623602024,8.01467967126577,20.6899876730613,324.971398535579,348.108976877821,438.09359648268,327.838684058796,346.574734163491,440.659169850015
"SAMPLE-043-T3",0.00703299,0.00703299,0.00703299,130.723019798515,8.10852799727084,16.1216708929801,305.668325331173,342.704435037361,338.342536350794,305.844975313576,343.167711854754,339.312557368399
"SAMPLE-044-T3",0.00703299,0.00703299,0.00703299,100.489521791497,8.67454808270371,11.5844100272917,316.421113583395,349.745869065469,340.77118097992,316.145036832494,350.116782455342,341.784466092388
"SAMPLE-001-T2",0.00703299,0.00703299,0.00703299,85.0294923738655,0.601608825595608,141.336843404324,333.457549027261,279.113276030057,22.1614535719139,334.00980401989,278.193092274162,22.171717010377
"SAMPLE-002-T2",0.00703299,0.00703299,0.00703299,223.468048324939,10.0871960632824,22.1536338664386,343.666814326506,318.446340092533,342.486726340324,344.509935860116,318.648206391911,344.406233917641
"SAMPLE-003-T2",0.00703299,0.00703299,0.00703299,215.58408945332,13.8989006243206,15.5108735057855,363.020697418235,312.125229160312,301.237065374428,363.861785541254,311.783244611612,302.006036179676
"SAMPLE-004-T2",0.00703299,0.00703299,0.00703299,177.537924241768,6.87359899192187,25.8289615746303,423.916586673442,376.186198771039,378.346729952708,423.85840391052,376.506957975229,379.217684612821
"SAMPLE-005-T2",0.00703299,0.00703299,0.00703299,66.2187455179578,2.15678500729088,30.7025249591914,256.481256323659,252.554197619296,159.857861482652,257.184873822649,253.259776910145,161.395759435439
"SAMPLE-008-T2",0.00703299,0.00703299,0.00703299,70.3371482616655,4.60874532979839,15.2616695496044,223.914486814914,200.554817427462,259.858970735889,224.475819721808,200.585137832229,260.737043448764
"SAMPLE-009-T2",0.00703299,0.00703299,0.00703299,172.073074738153,12.490367974483,13.7764615974235,279.760488705968,257.737934063547,417.707462479138,279.848094278563,257.013505624122,419.926622203279
"SAMPLE-011-T2",0.00703299,0.00703299,0.00703299,114.549392657297,9.25138247808966,12.3818675672083,229.948389651541,311.022092050058,366.128648927799,230.480871956072,311.048545377473,366.174419043893
"SAMPLE-012-T2",0.00703299,0.00703299,0.00703299,136.90628211881,15.1217233215447,9.05361639064989,283.741291573953,290.129432923992,335.860330601251,283.652328155546,290.144193461461,336.696577329494
"SAMPLE-013-T2",0.00703299,0.00703299,0.00703299,145.810098266325,10.3453424465131,14.0942746960947,263.211704986513,273.052076610236,492.810718339328,263.019437722692,272.225543128909,494.327975391418
"SAMPLE-014-T2",0.00703299,0.00703299,0.00703299,72.3168015171866,6.82629877883219,10.5938523730364,233.876414074406,230.109062760297,258.14590305914,234.286863021926,230.311981901733,258.91779603641
"SAMPLE-015-T2",0.00703299,0.00703299,0.00703299,40.2851816217331,1.95485689453573,20.6077394894426,167.319457813155,157.881566127736,159.569628603435,167.135799726355,157.169637836323,160.84314341509
"SAMPLE-018-T2",0.00703311,0.00703311,0.00703311,52.9223127277317,3.8049557864063,13.9087851997659,210.552544880875,197.90811595732,175.995692236911,210.57525651222,197.905729126607,176.457145787887
"SAMPLE-019-T2",0.00703299,0.00703299,0.00703299,114.237339204939,9.04005485251784,12.6367971288494,295.039724134226,274.252726356594,303.243394312228,295.092828489447,274.20575901973,304.261667892339
"SAMPLE-021-T2",0.00703299,0.00703299,0.00703299,124.340214653463,8.10882055797694,15.333945764917,260.825411713912,287.096836500291,276.53219742259,260.899688272069,287.248567750493,277.008384774883
"SAMPLE-022-T2",0.00703299,0.00703299,0.00703299,130.43555424382,14.0295528088551,9.29719970557379,321.905202016425,259.523538745445,347.141715219931,321.284106874884,258.690383572982,348.529885808062
"SAMPLE-023-T2",0.00703299,0.00703299,0.00703299,144.00336178445,13.6242403893903,10.5696433466185,290.886185066599,347.586821337113,279.745088878252,290.349651457016,348.292600252695,280.587301749299
"SAMPLE-024-T2",0.00703299,0.00703299,0.00703299,171.304845339687,16.6430052496402,10.2929034011685,333.084816883782,361.450351025381,295.765001666832,333.303131990115,361.108561166994,296.323963682116
"SAMPLE-025-T2",0.00703299,0.00703299,0.00703299,100.307086115103,11.0466981228851,9.08027765394442,301.732416571398,435.943891875765,253.617362378561,301.479125447877,436.022743185565,252.971296139289
"SAMPLE-028-T2",0.00703299,0.00703299,0.00703299,343.447388235076,20.7311410641043,16.5667382790497,395.093777399948,432.461360011996,442.02007856752,394.773321799071,432.824682845145,442.088739993895
"SAMPLE-029-T2",0.00703299,0.00703299,0.00703299,223.34804203778,8.72558688070238,25.5969077027632,289.582296075454,396.592719824934,454.067666183426,288.280522504238,397.662670290456,456.078189964822
"SAMPLE-030-T2",0.00703299,0.00703299,0.00703299,153.972900441675,8.39288830678957,18.3456391665687,378.850616587514,343.305162739147,266.37330253988,379.573623115193,343.684841877211,267.965567553481
"SAMPLE-031-T2",0.00703299,0.00703299,0.00703299,112.508163732909,6.9363972692416,16.2199711703091,218.055473897371,335.497587299893,314.335874505491,217.068352579207,333.404881616737,315.170697878989
"SAMPLE-032-T2",0.00703299,0.00703299,0.00703299,274.276974361172,25.9424090803484,10.5725329329164,341.270307587211,348.599816811357,436.282093936356,340.663377449249,348.49801053394,435.622488903113
"SAMPLE-033-T2",0.00703299,0.00703299,0.00703299,289.250175586045,22.1733964664382,13.0449196641505,437.062914645278,376.741844527702,498.023232121783,437.619059285813,376.768700203171,497.436990029455
"SAMPLE-034-T2",0.00703311,0.00703311,0.00703311,86.43611573626,9.39351868006132,9.2016760364494,216.540847438689,255.586542535759,306.281847521388,215.966327811327,256.052560536048,307.291665638755
"SAMPLE-035-T2",0.00703299,0.00703299,0.00703299,177.473256579589,23.5246400944882,7.54414332660376,375.575997039054,358.775099294142,419.021894397419,375.659322984332,358.599648154753,418.480009383176
"SAMPLE-038-T2",0.00703299,0.00703299,0.00703299,228.186767832978,10.728478694881,21.2692567439086,437.747859875926,397.734456522881,374.218984316219,437.70202575896,396.991725881702,375.510825784046
"SAMPLE-039-T2",0.00703299,0.00703299,0.00703299,91.3538504912288,5.00144806974509,18.2654801604058,405.05007516042,296.914078201892,197.337560011485,407.354859671012,296.401297151179,198.108207162414
"SAMPLE-041-T2",0.00703299,0.00703299,0.00703299,69.549223447377,3.00767886193594,23.1238861061817,273.896784323251,189.413457206719,319.72951234252,275.440767459983,187.997938274023,320.609344143222
"SAMPLE-042-T2",0.00703299,0.00703299,0.00703299,198.21234776359,9.85353015806546,20.1158716301635,321.081565250584,356.465675386581,430.462358614045,322.930316039395,355.067319822165,432.706386899167
"SAMPLE-043-T2",0.00703299,0.00703299,0.00703299,152.607124415696,9.6296993019364,15.8475482598931,308.250295736916,342.974166866498,382.570134606627,308.301202317611,343.568512614922,383.244739828605
"SAMPLE-044-T2",0.00703299,0.00703299,0.00703299,173.008409456365,14.2499797333443,12.1409582816131,364.295742072129,374.529052380751,347.820466498801,364.474919371216,374.627388132065,348.707003134904
"SAMPLE-045-T2",0.00703299,0.00703299,0.00703299,248.494191423776,14.7843100327095,16.8079667481266,359.010512802232,333.355466369626,481.493610637181,359.339941087639,333.244665646689,482.111780673174
"SAMPLE-048-T2",0.00703299,0.00703299,0.00703299,71.2685610722634,5.63309359166353,12.6517622887953,262.735670262688,220.651687363178,291.542489473993,263.036146983666,219.903806813191,292.674856235425
"SAMPLE-049-T2",0.00703299,0.00703299,0.00703299,128.749289299493,8.68647454078687,14.8218116216144,307.462805034527,253.589178346681,335.254450489318,307.484752184182,254.091475523883,334.388774254934
"SAMPLE-001-T1",0.00703299,0.00703299,0.00703299,239.271198673976,9.08694388040584,26.3313168677002,368.278898013604,282.820549743652,417.252715772197,369.032682694143,282.029342393939,418.986614317871
"SAMPLE-002-T1",0.00703299,0.00703299,0.00703299,235.29284478984,10.7442675804551,21.8993843021801,344.014889889821,319.050137385786,332.373824029311,343.837635982893,318.464317046859,332.933858796691
"SAMPLE-003-T1",0.00703299,0.00703299,0.00703299,220.95757410021,14.3348491242897,15.4140146285745,362.7296334267,313.921396483071,306.381233115512,363.19615699093,313.80320482064,306.659445665452
"SAMPLE-004-T1",0.00703299,0.00703299,0.00703299,184.257308939068,7.17670336323142,25.6743660164468,424.207650901777,378.073010276063,374.272041709189,425.254202603579,378.624995274473,374.201725164719
"SAMPLE-005-T1",0.00703299,0.00703299,0.00703299,74.001471081154,2.38462961541398,31.0326897740499,257.355425325866,251.215613451231,172.089347804934,257.702103248429,251.026195715228,172.629585976664
"SAMPLE-008-T1",0.00703299,0.00703299,0.00703299,73.4817951982562,4.82317423800384,15.2351525307259,223.556621133305,207.606295852245,257.147496545022,223.558921642459,207.341728594411,257.378986419978
"SAMPLE-009-T1",0.00703299,0.00703299,0.00703299,194.070267942003,12.8863208864595,15.0601765742095,278.019929683253,259.291546921465,417.196009538907,278.0377375566,258.806935848147,418.425457907744
"SAMPLE-011-T1",0.00703299,0.00703299,0.00703299,160.142228641383,10.590267938382,15.1216408851171,235.181919993667,316.160778163362,357.126380889641,235.258786552452,315.855679393977,357.193942326514
"SAMPLE-012-T1",0.00703299,0.00703299,0.00703299,178.551639868516,16.496474428447,10.8236242018244,290.914978595896,294.045370676864,336.747264458332,290.573703038847,293.75641287557,337.4089374838
"SAMPLE-013-T1",0.00703299,0.00703299,0.00703299,165.16719520489,11.7591651922577,14.0458265960613,265.011746645581,279.376620846309,488.587483951544,264.976449444462,279.120641464082,489.052099507197
"SAMPLE-014-T1",0.00703299,0.00703299,0.00703299,86.1109232981017,7.08475094192106,12.1544037333163,236.865325922007,233.103207629049,252.813636989905,237.067008120896,233.174019753144,253.108017393714
"SAMPLE-015-T1",0.00703299,0.00703299,0.00703299,53.2553150865492,2.19302705186034,24.2839298500093,167.654477322979,161.374234408552,172.652921354677,167.659232264891,161.236980841516,173.121103314646
"SAMPLE-018-T1",0.00703311,0.00703311,0.00703311,62.3826701953071,4.03635949414122,15.4551818998916,211.898123352818,202.040594294591,205.133509601553,211.899727328117,201.925366151148,205.447475766681
"SAMPLE-019-T1",0.00703299,0.00703299,0.00703299,136.196567151677,9.55053119209949,14.2606274365496,293.217473625088,278.453199701903,301.803959587851,293.37325526873,278.420283759936,302.128727175332
"SAMPLE-021-T1",0.00703299,0.00703299,0.00703299,156.874416473539,8.67063590945662,18.0926079830482,261.869661442651,288.79896615245,313.965864824044,262.046048477689,289.155545853956,313.955452819637
"SAMPLE-022-T1",0.00703299,0.00703299,0.00703299,153.96924382362,14.5418826126961,10.5879856084929,324.609182968304,260.289499890245,347.06227413946,324.811557961636,259.733621285733,347.53429427519
"SAMPLE-023-T1",0.00703299,0.00703299,0.00703299,188.99497758825,14.4546449063082,13.0750342753678,292.466675542384,349.892894826667,281.476818312204,291.965833037726,350.799473538912,282.683303283264
"SAMPLE-024-T1",0.00703299,0.00703299,0.00703299,192.39999617562,17.2618128877323,11.1459901359698,337.19978693742,363.961425685387,299.690558706254,337.229844465504,363.873054138394,300.19144427283
"SAMPLE-025-T1",0.00703299,0.00703299,0.00703299,121.298202744905,11.6222968754315,10.4366808080181,301.507959930024,439.682835017772,255.659354348876,301.039254970267,439.963061801756,254.89312255847
"SAMPLE-028-T1",0.00703299,0.00703299,0.00703299,410.830892224164,22.1446388970075,18.5521603732125,395.488690882972,430.088285569255,442.699166350874,394.973304409531,430.737041744203,442.184835983912
"SAMPLE-029-T1",0.00703299,0.00703299,0.00703299,250.497967759671,9.54702602958502,26.238324582274,292.661957545324,398.733178681684,458.008454475587,291.168108104457,399.583698597671,459.321568810249
"SAMPLE-030-T1",0.00703299,0.00703299,0.00703299,179.556099913106,9.43158700176771,19.0377398712913,379.921602454924,344.74968557514,260.478032823672,381.212853388024,345.165660138294,260.861124136173
"SAMPLE-031-T1",0.00703299,0.00703299,0.00703299,166.732360775187,7.92436607693096,21.0404667271203,223.557666496719,345.799131351243,307.953113845517,223.229846790416,345.027683591502,307.717527672035
"SAMPLE-032-T1",0.00703299,0.00703299,0.00703299,322.559984420395,28.0077179036733,11.516824952671,342.396743611568,347.314120719504,445.785652251958,342.13574315755,347.429685502159,445.056665455146
"SAMPLE-033-T1",0.00703299,0.00703299,0.00703299,331.05817345533,23.4337465968275,14.1274111712102,441.086272684692,375.429918135533,484.146532829096,441.677332933691,375.249388311654,483.369760492389
"SAMPLE-034-T1",0.00703311,0.00703311,0.00703311,108.147954003778,9.96303237782783,10.8549234713375,220.356247479567,260.72079013949,307.290748094947,220.046145903174,261.237243715551,307.899728496583
"SAMPLE-035-T1",0.00703299,0.00703299,0.00703299,224.957234702754,24.6398501976238,9.12981340789355,378.408794595814,360.017962552492,419.045635661229,378.806914021819,360.357954211219,417.962673570879
"SAMPLE-038-T1",0.00703299,0.00703299,0.00703299,296.222753033865,12.6598235882231,23.3986477749523,440.314644492651,404.813075404047,377.508577111902,440.109309019146,404.546962574925,378.010829881817
"SAMPLE-039-T1",0.00703299,0.00703299,0.00703299,114.839160876171,5.75108426368922,19.9682626111453,405.083505154951,305.354916310114,197.900562932925,407.208757647103,304.921164365421,198.475151692984
"SAMPLE-041-T1",0.00703299,0.00703299,0.00703299,90.8242012083507,3.75973972665477,24.1570448519216,281.423424741289,195.805189431496,327.372312545777,281.717382720954,194.916105860045,327.821806723123
"SAMPLE-042-T1",0.00703299,0.00703299,0.00703299,234.486574740868,11.8726060408885,19.7502194491514,327.206758254721,358.676915418693,475.276634820228,327.996292832506,357.328114213383,476.813951183418
"SAMPLE-043-T1",0.00703299,0.00703299,0.00703299,187.496364998722,11.259038752947,16.6529638198151,309.925644758257,343.560135885748,377.72607994488,309.800625002662,344.150110375547,378.484650153394
"SAMPLE-044-T1",0.00703299,0.00703299,0.00703299,214.415881032317,16.2628262647236,13.1844168745389,363.897489268204,381.329198463689,357.040362337928,364.011876900712,381.367862474708,357.670722212397
"SAMPLE-045-T1",0.00703299,0.00703299,0.00703299,285.079864697636,16.4929570903978,17.2849455155382,358.706107637276,335.343047308747,489.820223249758,358.61634316937,334.37838106065,490.341178681731
"SAMPLE-048-T1",0.00703299,0.00703299,0.00703299,87.1816992494594,6.49094489472952,13.4312801392365,267.139412007547,224.893918054796,292.838444768233,267.379404099522,224.363661110764,293.767918014356
"SAMPLE-049-T1",0.00703299,0.00703299,0.00703299,163.367801712059,9.75414683396913,16.7485485396966,310.856766667605,257.503541066106,337.408944052621,310.625467396062,257.758825455089,336.717884689264
"SAMPLE-092-T1",0.00703299,0.00703299,0.00703299,191.39539825859,12.8866040546102,14.8522758554158,278.021831305063,259.289373392522,417.191260718455,278.039453002229,258.805034946569,418.421409595627
"SAMPLE-001-T0",0.00703299,0.00703299,0.00703299,285.209845835134,10.8538407835087,26.2773198468583,368.276927399813,302.069931106533,451.071364378598,369.015738055274,301.536017891113,455.532263546604
"SAMPLE-002-T0",0.00703299,0.00703299,0.00703299,235.680150609319,11.1399164519356,21.1563660846279,342.057512486184,319.673624489952,361.519691163169,342.723649603702,318.830629166031,361.868445722776
"SAMPLE-003-T0",0.00703299,0.00703299,0.00703299,221.712323702365,14.9834262926853,14.7971711791048,361.204323367226,312.83969831824,304.742726166304,361.996569204042,313.009398825732,304.775020255083
"SAMPLE-004-T0",0.00703299,0.00703299,0.00703299,195.266269542917,8.01524844267418,24.361848661271,421.61293472397,376.021005591393,379.219825162093,423.356645672639,377.31069183806,379.485212968471
"SAMPLE-005-T0",0.00703299,0.00703299,0.00703299,148.418589252028,3.90682888308373,37.989529025617,270.588884673238,260.317847509451,228.343552729912,270.771894679736,260.002271648615,229.167647680021
"SAMPLE-008-T0",0.00703299,0.00703299,0.00703299,72.8898386665421,4.89048198551759,14.9044284147031,223.348525418823,200.650693261323,259.659422433625,223.630827370887,200.469583996238,260.281052478184
"SAMPLE-009-T0",0.00703299,0.00703299,0.00703299,206.228749161064,13.6812128472748,15.0738645369546,280.014244875592,255.211166538616,412.001941632386,280.481090835567,255.286201285698,413.981052995294
"SAMPLE-011-T0",0.00703299,0.00703299,0.00703299,177.77794429889,11.8122853109514,15.0502582369957,233.975226321444,317.335063730061,353.629120029196,234.175826374181,317.47060453237,353.688649185502
"SAMPLE-012-T0",0.00703299,0.00703299,0.00703299,199.593449049891,18.0576781955818,11.0531069879585,296.828623140035,299.245933482325,333.023176849601,296.943925699285,298.756738198264,333.66974701049
"SAMPLE-013-T0",0.00703299,0.00703299,0.00703299,213.382682673071,13.5887754918095,15.7028632051273,268.527758368724,290.009739718317,486.330697072688,268.443901731946,289.536949928977,485.69557499347
"SAMPLE-014-T0",0.00703299,0.00703299,0.00703299,98.1612484052576,7.64701887542052,12.8365380031653,234.583426101358,230.817453362715,258.143165456531,234.919543867521,230.56930697469,258.664686457779
"SAMPLE-015-T0",0.00703299,0.00703299,0.00703299,60.7589502536322,2.54968742600725,23.8299603448958,169.295034979108,164.898330075893,175.166115391831,168.983909003854,164.50306664752,175.628027584666
"SAMPLE-018-T0",0.00703311,0.00703311,0.00703311,66.9931276744611,4.30033929493693,15.5785678942442,211.784256232164,201.650979646306,204.045606428375,211.368110613465,201.940533421938,204.204358110295
"SAMPLE-019-T0",0.00703299,0.00703299,0.00703299,143.909852260602,10.0697064294418,14.2913652219133,295.13088589141,276.467235335472,304.266340133798,295.340003707272,276.445537086474,305.122215346717
"SAMPLE-021-T0",0.00703299,0.00703299,0.00703299,156.61830727073,9.18821649962088,17.0455612661273,260.47393176379,289.160074788537,315.646764968725,260.521465201544,288.95998375269,316.185605980549
"SAMPLE-022-T0",0.00703299,0.00703299,0.00703299,180.215856808086,15.3247444494468,11.7597952385165,324.664959948491,270.860916856719,347.502771721153,323.531457841346,270.08005012141,349.138867003525
"SAMPLE-023-T0",0.00703299,0.00703299,0.00703299,195.808038345931,14.9927277054793,13.0602010649717,293.658694876748,350.557515367583,284.487380271231,292.964330189898,350.806596773486,284.805211618552
"SAMPLE-024-T0",0.00703299,0.00703299,0.00703299,222.541044499622,18.5909986213087,11.970365284442,339.392223292832,365.464696214038,296.419528351502,339.263581036495,364.737424497329,297.307172540741
"SAMPLE-025-T0",0.00703299,0.00703299,0.00703299,185.837436461806,16.7588046732857,11.0889433992891,353.874576612596,403.005399008028,315.685666256206,354.178930030561,402.565183460037,315.087897971372
"SAMPLE-028-T0",0.00703299,0.00703299,0.00703299,457.416209148942,24.9948279128701,18.3004344236118,394.426082224357,428.297734329388,447.793009682778,394.940336133799,428.291867401941,446.541828026328
"SAMPLE-029-T0",0.00703299,0.00703299,0.00703299,264.282997592443,10.9244804530712,24.1918138558383,294.314220478111,397.292976929023,459.72862297937,293.100323669466,397.999814393638,459.412268194252
"SAMPLE-030-T0",0.00703299,0.00703299,0.00703299,181.600607307113,10.1189234195715,17.9466332313446,379.095031873936,343.493907700178,259.0301703828,379.207308343174,343.392746327636,259.49982248885
"SAMPLE-031-T0",0.00703299,0.00703299,0.00703299,280.773600009564,12.9848272241824,21.6232064672115,316.743499789398,387.291531951938,584.798048357509,316.443807558777,387.735735481666,583.246905487692
"SAMPLE-032-T0",0.00703299,0.00703299,0.00703299,363.214913238703,29.6842699039235,12.2359389135825,343.331453072884,349.79765397788,450.002887347655,343.266028317016,349.979985019037,448.583640526993
"SAMPLE-033-T0",0.00703299,0.00703299,0.00703299,409.23294156532,26.2474239669943,15.5913563967239,436.339353243423,373.981393161811,497.930995006275,435.463258455366,374.511162061311,495.329279950952
"SAMPLE-034-T0",0.00703311,0.00703311,0.00703311,116.154826172981,10.7384108138007,10.8167612682225,221.783820185537,259.946138946862,309.900077619511,220.828014110343,259.774786713264,310.998056128886
"SAMPLE-035-T0",0.00703299,0.00703299,0.00703299,271.572742702818,26.8657762400873,10.1085016221342,384.870457024599,366.28837822834,413.221557887607,383.447326574213,365.532967935643,414.510826532842
"SAMPLE-038-T0",0.00703299,0.00703299,0.00703299,330.365787152716,14.6472747371212,22.5547614202563,442.310719793843,403.113144433626,369.348326693078,441.855808325848,402.790685193753,369.426319453749
"SAMPLE-039-T0",0.00703299,0.00703299,0.00703299,121.816195521014,6.86204267009471,17.7521769212975,397.008504875228,307.629011274352,194.54802715943,399.686047893498,306.417740707655,195.163695180479
"SAMPLE-041-T0",0.00703299,0.00703299,0.00703299,149.644284495433,7.05551922238053,21.2095353692401,319.270748286306,236.898656813291,352.959425085875,319.043589508357,236.297061085049,352.126830637438
"SAMPLE-042-T0",0.00703299,0.00703299,0.00703299,371.642008235482,18.8367457878361,19.7296291207301,334.789973138834,382.583108954717,534.763054002433,334.945230143831,380.580217529345,537.293026298245
"SAMPLE-043-T0",0.00703299,0.00703299,0.00703299,237.416761323419,14.996022405179,15.831982302282,317.064152417629,343.662387350491,386.943677112706,316.791033339786,344.253740274199,387.773099799224
"SAMPLE-044-T0",0.00703299,0.00703299,0.00703299,270.975167865565,20.8741037578748,12.9814037052172,353.329853626499,356.446680267188,348.993431120095,354.442869645952,356.180645729583,349.650456920177
"SAMPLE-045-T0",0.00703299,0.00703299,0.00703299,393.435869172145,22.9501562730513,17.1430583953857,366.652181529476,343.977439422068,488.44927682515,367.093602392214,343.799383564681,489.528432832369
"SAMPLE-048-T0",0.00703299,0.00703299,0.00703299,104.534969223576,7.78635186834984,13.4254103835832,277.501490118743,232.740227398026,298.275733622008,277.561493273424,232.353822435468,299.066087167624
"SAMPLE-049-T0",0.00703299,0.00703299,0.00703299,495.62449020432,15.1224128046833,32.7741674959984,324.326485089673,267.789982371295,367.454095666123,327.528529426229,284.205830663632,350.1954739865
"SAMPLE-092-T0",0.00703299,0.00703299,0.00703299,204.450172238661,13.681225370682,14.9438494505606,280.014264034505,255.21111307577,412.002039473678,280.481096723922,255.286163181935,413.981242223177
